{
  "Annualized Return": 0.18643500977571137,
  "Annualized Volatility": 0.15521333389996952,
  "Sharpe": 1.2011533100362584,
  "Weights": {
    "EQ1": 0.13488908123783344,
    "EQ2": 0.24963098843001108,
    "EQ3": 0.0017888399845437395,
    "EQ4": 0.35023713397967104,
    "EQ5": 0.2634539563679408
  },
  "VaR_95_1day": -0.014865481029708362,
  "CVaR_95_1day": -0.019395067471888662
}